ASIN,PT,height cm,width cm,length cm
B084BZYYQQ,AROMA_DIFFUSER,13.0,7.0,7.0
B084FMBJX1,AROMA_DIFFUSER,16.0,7.0,7.0
B0995MTHDS,AROMA_DIFFUSER,9.54,10.6,10.6
B071ND71SF,AROMA_DIFFUSER,12.0,10.0,10.0
B08926ZKPF,AROMA_DIFFUSER,11.6,11.4,11.4
B09DG258WW,AROMA_DIFFUSER,11.0,15.0,15.0
B07K3BV4X6,AROMA_DIFFUSER,22.4,15.8,15.8
B08WH9KMCW,AROMA_DIFFUSER,12.0,9.5,9.5
B09FLCBY4X,AROMA_DIFFUSER,11.0,15.0,15.0
B094RQKXXF,AROMA_DIFFUSER,14.0,6.0,6.0
B00NVMUA5E,AROMA_DIFFUSER,13.2,13.2,13.2
B098T1Z5YD,AROMA_DIFFUSER,9.8,13.0,13.0
B078VGJPKD,AROMA_DIFFUSER,7.2,16.6,16.6
B071VG6P5Y,AROMA_DIFFUSER,21.5,16.85,16.85
B08SM1XQ24,AROMA_DIFFUSER,16.0,9.0,9.0
B00NGGD31S,AROMA_DIFFUSER,13.0,21.0,21.0
B08S6KN2TP,AROMA_DIFFUSER,14.0,13.0,13.0
B08Y5KTYZ3,AROMA_DIFFUSER,15.0,13.0,13.0
B08GLRW16D,AROMA_DIFFUSER,9.5,16.6,16.6
B01G2L5HA8,AROMA_DIFFUSER,12.6,18.4,18.4
B07H2J7VRP,AROMA_DIFFUSER,14.6,11.5,11.5
B08Y5NH8X2,AROMA_DIFFUSER,15.0,13.0,13.0
B00ES4BDQO,AROMA_DIFFUSER,13.5,15.0,15.0
B08RJ59H6T,AROMA_DIFFUSER,14.0,9.0,9.0
B08PW5W1JC,AROMA_DIFFUSER,14.0,9.0,9.0
B091FGCJ33,AROMA_DIFFUSER,15.0,13.0,13.0
B09DXGJPFJ,AROMA_DIFFUSER,14.3,10.9,10.9
B07ZRYLLRG,AROMA_DIFFUSER,14.3,17.0,17.0
B08JV9NZ5W,BED,25.0,80.0,192.0
B07Z7WF42N,BED,30.0,95.0,213.0
B008CJQ71C,BED,100.33,107.95,205.74
B075R7KMXK,BED,46.0,152.0,203.0
B017IMU89A,BED,76.0,190.0,215.0
B017IMUA7U,BED,76.0,190.0,215.0
B00RYQ8AOG,BED,114.0,112.0,202.0
B00HV7Z15O,BED,86.4,144.5,196.2
B00ULIE3Y0,BED,164.5,176.5,201.3
B078HNGN1W,BED,138.0,170.0,220.0
B07B2Y3JST,BED_FRAME,68.0,85.0,164.0
B083HYQG3R,BED_FRAME,146.0,86.0,168.0
B083HYLYCR,BED_FRAME,146.0,86.0,168.0
B087K4RPXS,BED_FRAME,40.6,80.0,190.0
B086W5RS5L,BED_FRAME,80.5,90.5,196.5
B07RK1SB2M,BED_FRAME,94.0,98.0,198.0
B084DPHJGX,BED_FRAME,94.0,99.5,207.0
B08CK8BZ2Y,BED_FRAME,97.0,101.0,207.0
B08Z7TSN7X,BED_FRAME,88.5,139.0,198.0
B07Z8WR8L4,BED_FRAME,66.0,125.0,213.0
B01MYQET8A,BED_FRAME,88.3,142.0,198.0
B08X48GHFC,BED_FRAME,88.0,143.0,198.0
B00JJ56ATW,BED_FRAME,82.0,143.0,199.0
B08DG43K63,BED_FRAME,150.0,146.0,196.0
B08XB5RLHB,BED_FRAME,63.0,150.0,208.0
B0811MJNFZ,BED_FRAME,60.0,166.0,206.0
B08BYCSB6D,BED_FRAME,134.0,161.8,224.5
B00DVG9OMK,BED_FRAME,78.0,106.0,199.0
B07FCR9BN6,BED_FRAME,120.7,110.5,201.3
B0823D3D8J,BED_FRAME,83.7,142.7,197.0
B08BJFJ74R,BED_FRAME,36.2,149.9,203.2
B08QZRX1XY,BED_FRAME,100.0,146.0,195.0
B003D7JT68,BED_FRAME,112.0,144.0,204.0
B086VR61YL,BED_FRAME,110.0,166.5,222.0
B07B878J9R,BED_FRAME,181.0,159.4,211.5
B08KQLNYLH,CANDLE_HOLDER,8.8,11.0,11.0
B08W57XGLX,CANDLE_HOLDER,24.0,40.0,40.0
B08KQK927J,CANDLE_HOLDER,8.8,11.0,11.0
B0953BSCRC,CANDLE_HOLDER,22.0,8.8,8.8
B08CXGFK9C,CANDLE_HOLDER,38.0,18.0,18.0
B08KQJ3Q61,CANDLE_HOLDER,8.8,8.0,8.0
B08QS66RJH,CANDLE_HOLDER,24.0,8.0,8.0
B08C6ZBSNN,CANDLE_HOLDER,24.0,8.0,8.0
B08VGCHY48,CANDLE_HOLDER,17.0,9.0,9.0
B08C7CZ4SR,CANDLE_HOLDER,17.0,8.0,8.0
B08KQK7PGM,CANDLE_HOLDER,8.8,6.5,6.5
B07HNWL82D,CANDLE_HOLDER,55.0,32.0,32.0
B01I3BAD3G,CANDLE_HOLDER,60.0,33.5,33.5
B08HY14RQR,CANDLE_HOLDER,10.0,10.0,10.0
B07XMSN7TB,CANDLE_HOLDER,24.0,9.0,9.0
B0176ELJ16,CANDLE_HOLDER,80.0,35.0,35.0
B07H4B9WHP,CANDLE_HOLDER,25.0,10.5,10.5
B07XGR66GK,CANDLE_HOLDER,17.0,8.0,8.0
B01I3BAG2Y,CANDLE_HOLDER,60.0,33.5,33.5
B08D99L782,CANDLE_HOLDER,10.0,12.0,12.0
B095NQ8833,CANDLE_HOLDER,1.8,2.7,2.7
B0176ELIU8,CANDLE_HOLDER,80.0,35.0,35.0
B094NBHS6G,CANDLE_HOLDER,15.0,7.5,7.5
B0966M4VVZ,CANDLE_HOLDER,6.0,5.0,5.0
B07SQ9Q8F3,CANDLE_HOLDER,30.0,14.0,14.0
B01LZ8DXHD,CANDLE_HOLDER,7.5,7.0,7.0
B093V484P9,CANDLE_HOLDER,10.5,8.0,8.0
B08N6PM5TP,CANDLE_HOLDER,37.0,13.0,13.0
B01I3BA9T4,CANDLE_HOLDER,40.0,29.0,29.0
B097424CYY,CANDLE_HOLDER,1.8,3.8,3.8
B07WYXF526,CANDLE_HOLDER,15.0,15.0,15.0
B08N6MMDNB,CANDLE_HOLDER,31.0,13.0,13.0
B01I3BABSS,CANDLE_HOLDER,60.0,36.0,36.0
B08KSGDWN4,CANDLE_HOLDER,14.0,26.0,26.0
B07L3QH2XP,CANDLE_HOLDER,6.8,5.6,5.6
B07SXMJ4R9,CANDLE_HOLDER,30.0,14.0,14.0
B07QDNLQWM,CANDLE_HOLDER,5.3,5.2,5.2
B07TYJDLWS,CANDLE_HOLDER,12.0,6.0,6.0
B07SSCKFTF,CANDLE_HOLDER,50.0,14.0,15.0
B093V5S4J4,CANDLE_HOLDER,10.5,8.0,8.0
B08K3GBNSR,CANDLE_HOLDER,20.0,10.0,10.0
B07W8TNB3L,CANDLE_HOLDER,33.0,20.0,20.0
B09DG1LHR9,CANDLE_HOLDER,33.0,28.0,28.0
B07F9Y47LM,CANDLE_HOLDER,20.0,10.0,10.0
B08KSFHDSR,CANDLE_HOLDER,3.7,15.0,15.0
B08CRTFRPJ,CANDLE_HOLDER,20.0,10.0,10.0
B07HB27T2M,CANDLE_HOLDER,10.0,9.5,9.5
B07XY2526B,CANDLE_HOLDER,16.0,10.0,10.0
B07XY41WDZ,CANDLE_HOLDER,16.0,10.0,10.0
B098NPFCGL,CANDLE_HOLDER,6.5,5.5,5.5
B01MYWR3SS,CANDLE_HOLDER,6.0,6.0,6.0
B09G3GCRF7,CANDLE_HOLDER,21.0,7.2,41.0
B07KJX3BQ3,CANDLE_HOLDER,50.0,16.0,16.0
B091HTKQGC,CANDLE_HOLDER,8.0,8.0,8.0
B07VPQG91B,CANDLE_HOLDER,59.0,25.0,25.0
B07NW1VKWD,CANDLE_HOLDER,3.0,3.5,3.5
B09HNZHVKT,CANDLE_HOLDER,7.0,4.0,4.0
B08KSG8TW8,CANDLE_HOLDER,31.0,31.0,31.0
B07YB3C3TM,CANDLE_HOLDER,12.0,8.0,8.0
B07Y4ZKGHQ,CANDLE_HOLDER,28.0,10.0,18.0
B07Q2WJMCW,CANDLE_HOLDER,18.0,8.0,48.0
B07KJX3G2Q,CANDLE_HOLDER,50.0,16.0,16.0
B08HSCFLFR,CANDLE_HOLDER,10.0,7.0,7.0
B07FLQQWZS,CANDLE_HOLDER,11.0,12.0,12.0
B09BD5GPLJ,CANDLE_HOLDER,6.0,12.0,15.0
B01IMYIY2Q,CANDLE_HOLDER,18.0,33.0,76.0
B07KK69Q1T,CANDLE_HOLDER,50.0,16.0,16.0
B07Q43Q6XN,CANDLE_HOLDER,9.0,11.0,11.0
B07KK69Q1V,CANDLE_HOLDER,50.0,16.0,16.0
B07PN61LGF,CANDLE_HOLDER,9.0,7.5,7.5
B09BD5BF4V,CANDLE_HOLDER,6.0,12.0,15.0
B086SG5VJF,CANDLE_HOLDER,16.0,7.5,8.0
B08P3Q2YGD,CANDLE_HOLDER,8.0,15.0,47.0
B01M67ADYE,CANDLE_HOLDER,21.0,7.2,41.0
B08HSBP35G,CANDLE_HOLDER,7.5,5.5,5.5
B08HSCHNKL,CANDLE_HOLDER,9.0,7.2,7.2
B08C5N9CCT,CLEANING_BRUSH,36.0,9.8,9.8
B07HQWHT7B,CLEANING_BRUSH,87.0,30.0,30.0
B01LXFKJ8T,CLEANING_BRUSH,40.6,10.8,10.8
B00008WZ1G,CLEANING_BRUSH,63.0,19.0,19.0
B089CZ8Z4H,CLEANING_BRUSH,44.0,10.0,10.0
B003SLDWS0,CLEANING_BRUSH,38.0,14.0,38.0
B09BKXG593,CLEANING_BRUSH,41.0,2.5,7.1
B084K4Q6JP,CLEANING_BRUSH,38.0,13.5,13.5
B084K4TSYL,CLEANING_BRUSH,38.0,13.5,13.5
B07PFNGJNG,CLEANING_BRUSH,38.0,13.5,13.5
B07CS3FQKW,CLEANING_BRUSH,40.6,10.8,10.8
B07WRYL661,CLEANING_BRUSH,40.0,14.5,14.5
B00TQQ3IOO,CLEANING_BRUSH,39.0,13.6,39.0
B00TQQ4MCQ,CLEANING_BRUSH,35.0,7.5,7.5
B06W5J655Q,CLEANING_BRUSH,39.0,13.6,39.0
B07X37G7LF,CLEANING_BRUSH,40.6,10.8,10.8
B000M39J48,CLEANING_BRUSH,63.0,19.0,19.0
B084K4FXKP,CLEANING_BRUSH,38.0,13.5,13.5
B01DISYVKU,CLEANING_BRUSH,39.0,13.6,39.0
B07QD2845F,CLEANING_BRUSH,35.0,7.5,7.5
B06WD88SHX,CLEANING_BRUSH,39.0,13.6,39.0
B0768TGFMF,CLEANING_BRUSH,39.0,14.0,14.0
B079V4LDFS,CLEANING_BRUSH,38.0,14.0,38.0
B07PBJYKCC,CLEANING_BRUSH,38.0,14.0,38.0
B07PHXP7VN,CLEANING_BRUSH,38.0,13.5,13.5
B07PK3318Y,CLEANING_BRUSH,38.0,13.5,13.5
B003IX0C0O,CLEANING_BRUSH,63.0,19.0,19.0
B084K4P2Z3,CLEANING_BRUSH,38.0,13.5,13.5
B07WTTY3PH,CLEANING_BRUSH,78.0,4.0,4.0
B08GG79D9R,CLEANING_BRUSH,36.0,12.0,12.0
B07W6NDGC7,CLEANING_BRUSH,42.0,7.0,17.0
B07W6MZXQD,CLEANING_BRUSH,45.0,7.0,16.0
B071KQPCRX,CLEANING_BRUSH,33.5,11.8,11.8
B0751T3449,CLEANING_BRUSH,45.0,7.0,16.0
B07R6SN8W6,CLEANING_BRUSH,38.4,9.5,11.7
B0842W597H,CLEANING_BRUSH,36.5,8.0,8.0
B07R5TYCGH,CLEANING_BRUSH,38.4,9.5,11.7
B07W6MXNSJ,CLEANING_BRUSH,45.0,7.0,16.0
B07W4KDLTN,CLEANING_BRUSH,42.0,7.0,17.0
B08THCHXZX,CLEANING_BRUSH,36.0,12.0,12.0
B07R91FQQW,CLEANING_BRUSH,38.6,9.3,9.3
B07Y1KSHG7,CLEANING_BRUSH,43.1,11.1,11.1
B08GG5SX8B,CLEANING_BRUSH,36.0,12.0,12.0
B08ZS1LZ4J,CLEANING_BRUSH,38.0,10.6,10.6
B086W5WHCV,CLEANING_BRUSH,43.5,10.0,10.0
B07R6SMLM4,CLEANING_BRUSH,38.6,9.3,9.3
B09838J7G8,CLEANING_BRUSH,41.0,11.0,7.5
B07MLPCBYT,CLEANING_BRUSH,38.0,8.0,8.0
B08HM9GD14,CLEANING_BRUSH,30.5,10.0,10.0
B071YWLKQQ,CLEANING_BRUSH,41.5,11.128,17.5
B07WFGNH3H,CLEANING_BRUSH,35.0,7.8,7.8
B0968B48CY,CLEANING_BRUSH,41.0,10.0,10.0
B07VLK1HHD,CLEANING_BRUSH,37.0,10.0,12.0
B096XST74D,CLEANING_BRUSH,38.0,7.5,7.5
B07PXN9JL9,CLEANING_BRUSH,38.0,10.0,10.0
B07L1219HP,CLEANING_BRUSH,78.0,18.5,18.5
B09837RJ7V,CLEANING_BRUSH,41.0,11.0,11.0
B08L9LMCY2,CLEANING_BRUSH,44.0,10.5,10.5
B071L3R31X,CLEANING_BRUSH,41.5,11.128,17.5
B096XSNM5R,CLEANING_BRUSH,38.0,7.5,7.5
B09838W6KS,CLEANING_BRUSH,41.0,11.0,11.0
B09838W8FT,CLEANING_BRUSH,41.0,11.0,11.0
B07PXL1Z88,CLEANING_BRUSH,38.0,7.0,7.0
B0761YXX27,CLEANING_BRUSH,18.5,2.0,2.0
B0881X3HFK,CLEANING_BRUSH,40.0,7.0,13.0
B000JQN7SC,CLEANING_BRUSH,30.5,8.9,8.9
B08H3L28DY,CLEANING_BRUSH,40.0,7.0,13.0
B0881Y853T,CLEANING_BRUSH,40.0,13.0,13.0
B000KKG8S8,CRIB,76.0,65.0,125.0
B007NZHXZK,CRIB,79.0,46.0,88.0
B007NZHXZK,CRIB,79.0,46.0,88.0
B07GXGWP5K,CRIB,78.0,56.0,87.0
B07WRJD6MN,CRIB,80.5,55.0,94.5
B07WRJD6MN,CRIB,80.5,55.0,94.5
B07WTL8FSN,CRIB,80.5,55.0,94.5
B075768W38,CRIB,81.0,69.0,94.0
B07CY1LC81,CRIB,90.5,55.0,114.0
B000KKJ3YO,CRIB,76.0,65.0,125.0
B08BRZVX81,CRIB,76.0,65.0,125.0
B08J4WVVYM,CRIB,82.0,68.5,125.0
B08J4X49RJ,CRIB,82.0,68.5,125.0
B08CV31Q4P,CRIB,87.0,65.5,129.0
B000K7AQWA,CRIB,76.0,69.0,128.0
B01MSR71W0,CRIB,86.4,74.9,136.4
B08YYKB298,FOOD_SLICER,11.3,11.3,32.2
B01EWNO308,FOOD_SLICER,32.0,17.5,24.0
B0057H9E6M,FOOD_SLICER,6.0,13.0,42.0
B091F57SNS,FOOD_SLICER,8.5,10.0,23.0
B087WZ53Y1,FOOD_SLICER,24.0,11.5,26.0
B08CDHFWJT,FOOD_SLICER,14.5,19.5,19.5
B07NLB1HNR,FOOD_SLICER,10.43,9.5,23.6
B01BVDS1BE,FOOD_SLICER,13.0,11.0,29.5
B07C1J8JVV,FOOD_SLICER,24.0,11.5,26.0
B0764HS4SL,FOOD_SLICER,7.5,11.5,20.0
B000TGGMNE,FOOD_SLICER,23.0,28.0,33.0
B08TC2XL36,FOOD_SLICER,11.3,11.3,32.2
B0792C37CT,FOOD_SLICER,18.0,25.0,25.5
B07BSJVZ99,FOOD_SLICER,25.0,10.5,14.5
B09DS3GX6L,FOOD_SLICER,20.0,11.0,34.6
B09CDB19MF,FOOD_SLICER,25.0,25.0,40.0
B09DS9L4Q9,LAUNDRY_HAMPER,57.0,40.0,40.0
B004WCKS0Y,LAUNDRY_HAMPER,25.8,40.2,64.8
B07XBXMNT2,LAUNDRY_HAMPER,50.0,40.0,40.0
B07BDDR3KV,LAUNDRY_HAMPER,48.0,36.0,36.0
B086DHXF58,LAUNDRY_HAMPER,50.0,40.0,40.0
B07BDGB1HS,LAUNDRY_HAMPER,48.0,36.0,36.0
B07CZRFHZK,LAUNDRY_HAMPER,22.5,30.0,40.0
B07VB6FLW1,LAUNDRY_HAMPER,35.0,22.0,22.0
B082X8D9H1,LAUNDRY_HAMPER,40.0,35.0,35.0
B08NF3ZGLD,LAUNDRY_HAMPER,72.0,38.0,38.0
B09299RZGV,LAUNDRY_HAMPER,50.0,40.0,40.0
B07QGWKVW6,LAUNDRY_HAMPER,50.0,40.0,40.0
B07XG293QH,LAUNDRY_HAMPER,45.0,35.0,35.0
B07BDH19K3,LAUNDRY_HAMPER,48.0,36.0,36.0
B07VB6FLW1,LAUNDRY_HAMPER,53.0,23.0,53.0
B07VB6F34W,LAUNDRY_HAMPER,35.0,22.0,22.0
B07FYBGD3P,LAUNDRY_HAMPER,63.0,31.0,53.0
B08TQRCLKP,LAUNDRY_HAMPER,70.0,22.0,41.0
B088FP68QV,LAUNDRY_HAMPER,58.0,33.0,40.0
B07VXFLZF9,LAUNDRY_HAMPER,50.0,40.0,40.0
B07BDCXJ6V,LAUNDRY_HAMPER,48.0,36.0,36.0
B06XKK78NK,LAUNDRY_HAMPER,70.0,24.0,45.0
B07BDCWVD7,LAUNDRY_HAMPER,56.0,40.5,40.5
B079DSNCC3,LAUNDRY_HAMPER,60.0,33.0,40.0
B083RC5B8W,LAUNDRY_HAMPER,45.0,37.0,37.0
B07VB6F34W,LAUNDRY_HAMPER,53.0,23.0,53.0
B08ZYKY3YH,LAUNDRY_HAMPER,25.1,39.8,58.0
B08CGTP11K,LAUNDRY_HAMPER,32.0,32.0,32.0
B08LZBMQCS,LAUNDRY_HAMPER,79.0,38.0,38.0
B01L8XJQPM,LAUNDRY_HAMPER,50.0,40.0,40.0
B07F12VH94,LAUNDRY_HAMPER,55.0,20.0,38.0
B07D2C37D9,LAUNDRY_HAMPER,32.0,32.0,32.0
B06XS9KZZB,LAUNDRY_HAMPER,15.0,16.0,20.0
B08D5X12YL,LAUNDRY_HAMPER,55.0,37.0,37.0
B07FP3QL8R,LAUNDRY_HAMPER,50.0,40.0,40.0
B07N65GZNY,LAUNDRY_HAMPER,63.0,31.0,53.0
B085PZXRR2,LAUNDRY_HAMPER,33.0,51.0,51.0
B01M3XKOB4,LAUNDRY_HAMPER,50.0,40.0,40.0
B07PQZXTQM,LAUNDRY_HAMPER,23.2,39.6,59.6
B094FSF7BZ,LAUNDRY_HAMPER,32.0,32.0,32.0
B07WTT17WK,LAUNDRY_HAMPER,61.0,30.0,55.0
B092M3HDBX,LAUNDRY_HAMPER,32.0,32.0,32.0
B0957LHNSF,LAUNDRY_HAMPER,40.5,33.0,33.0
B09CP4TBBH,LAUNDRY_HAMPER,40.0,35.0,35.0
B08LZB2YGR,LAUNDRY_HAMPER,79.0,43.0,43.0
B0851F1X2H,LAUNDRY_HAMPER,50.0,40.0,40.0
B07BT2SMBS,LAUNDRY_HAMPER,50.0,40.0,40.0
B07Z8BBCH5,LAUNDRY_HAMPER,65.0,41.0,41.0
B09BC6L546,LAUNDRY_HAMPER,48.0,36.0,36.0
B08KZWR8CF,LAUNDRY_HAMPER,50.0,40.0,40.0
B07BD6JD3Z,LAUNDRY_HAMPER,56.0,40.5,40.5
B095WF1341,LAUNDRY_HAMPER,60.0,30.0,40.0
B0829X2P5W,LAUNDRY_HAMPER,50.0,40.0,40.0
B088T6RH1S,LAUNDRY_HAMPER,45.0,35.0,35.0
B01M6BNB8E,LAUNDRY_HAMPER,50.0,40.0,40.0
B092VQ22ZR,LAUNDRY_HAMPER,50.0,40.0,40.0
B06XDJ56GJ,LAUNDRY_HAMPER,50.0,40.0,40.0
B09BCB6F9X,LAUNDRY_HAMPER,48.0,36.0,36.0
B08TH6W1PM,LAUNDRY_HAMPER,79.0,43.0,43.0
B07S5L7N6X,LAUNDRY_HAMPER,60.0,33.0,46.0
B06XDJ6S4W,LAUNDRY_HAMPER,50.0,40.0,40.0
B07DFJS51C,LAUNDRY_HAMPER,63.0,38.0,38.0
B085C51NFG,LAUNDRY_HAMPER,65.0,49.0,49.0
B0813C8YB7,LAUNDRY_HAMPER,41.0,46.0,46.0
B0836JN8QY,LAUNDRY_HAMPER,22.5,27.0,44.5
B07G3PJCHH,LAUNDRY_HAMPER,15.0,25.0,35.0
B0796T194S,LAUNDRY_HAMPER,55.0,20.0,38.0
B089HY9N9G,LAUNDRY_HAMPER,74.0,33.5,41.5
B07YF3K5ZY,LAUNDRY_HAMPER,23.2,39.6,59.6
B08Q8K91X5,LAUNDRY_HAMPER,60.0,35.0,35.0
B082LVN72N,LAUNDRY_HAMPER,50.0,40.0,40.0
B08D68VSMB,LAUNDRY_HAMPER,55.0,37.0,37.0
B07RCJVJVG,LAUNDRY_HAMPER,23.2,39.6,59.6
B089GYB2H2,LAUNDRY_HAMPER,74.0,31.0,43.0
B093T8PKB1,LAUNDRY_HAMPER,55.0,37.0,37.0
B07QY6QV5Y,LAUNDRY_HAMPER,38.0,33.0,33.0
B091Z3MJS8,LAUNDRY_HAMPER,53.0,41.0,67.0
B08LZ9DCHP,LAUNDRY_HAMPER,79.0,38.0,38.0
B087CNS6L4,LAUNDRY_HAMPER,50.0,40.0,40.0
B08FSY8L6J,LAUNDRY_HAMPER,32.0,32.0,32.0
B07MV1KLVZ,LAUNDRY_HAMPER,48.0,36.0,36.0
B08T8RDG7S,LAUNDRY_HAMPER,50.0,40.0,40.0
B08GFNPY6F,LAUNDRY_HAMPER,32.0,35.0,35.0
B07NPK8CSY,LAUNDRY_HAMPER,60.0,33.0,57.0
B085H2ZG1S,LAUNDRY_HAMPER,52.9,34.0,43.1
B07R2PJY9X,LAUNDRY_HAMPER,50.0,40.0,40.0
B084ZDZMPM,LAUNDRY_HAMPER,50.0,40.0,40.0
B0774G4N3B,LAUNDRY_HAMPER,53.0,23.0,33.0
B08PD7LFS8,LAUNDRY_HAMPER,32.0,35.0,35.0
B07CJKN6GH,LAUNDRY_HAMPER,50.0,40.0,40.0
B0774JSMJ4,LAUNDRY_HAMPER,53.0,23.0,33.0
B0895D85TX,LAUNDRY_HAMPER,50.0,40.0,40.0
B07DFHKLC3,LAUNDRY_HAMPER,63.0,38.0,38.0
B08KZXW2Z2,LAUNDRY_HAMPER,40.0,35.0,35.0
B084Z6H36S,LAUNDRY_HAMPER,50.0,40.0,40.0
B08VDSRQVX,LAUNDRY_HAMPER,50.0,40.0,40.0
B07TK9C7QX,LAUNDRY_HAMPER,53.0,23.0,33.0
B08L42NJJ8,LAUNDRY_HAMPER,67.0,38.0,57.0
B098N667Y6,LAUNDRY_HAMPER,17.5,26.5,38.6
B093V3LF6J,LAUNDRY_HAMPER,55.0,37.0,37.0
B07V8KFNS5,LAUNDRY_HAMPER,58.0,36.0,36.0
B093TBS8FN,LAUNDRY_HAMPER,55.0,37.0,37.0
B07PXTDDFX,LAUNDRY_HAMPER,14.0,23.0,32.0
B07PXTDDFX,LAUNDRY_HAMPER,12.0,19.0,28.0
B08N9KHTL5,LAUNDRY_HAMPER,61.5,40.0,60.0
B07R1VQ9M6,LAUNDRY_HAMPER,45.0,35.0,35.0
B093T7T9QQ,LAUNDRY_HAMPER,55.0,37.0,37.0
B08V5H67TW,LAUNDRY_HAMPER,71.0,38.0,38.0
B07RTGW679,LAUNDRY_HAMPER,23.0,30.0,42.0
B07L8244NN,LAUNDRY_HAMPER,56.0,19.0,39.0
B093T965DR,LAUNDRY_HAMPER,55.0,37.0,37.0
B092MDJF5M,LAUNDRY_HAMPER,65.0,49.0,49.0
B08ZY9JNRW,LAUNDRY_HAMPER,60.0,33.0,65.0
B06XKK78NK,LAUNDRY_HAMPER,73.0,33.0,64.0
B07V5KW2GN,LAUNDRY_HAMPER,72.0,38.0,38.0
B084YR7MTK,LAUNDRY_HAMPER,50.0,40.0,40.0
B07PM8TNL6,LAUNDRY_HAMPER,68.0,20.0,25.0
B093LSMS4B,LAUNDRY_HAMPER,60.0,20.0,45.0
B084Z3HWB3,LAUNDRY_HAMPER,50.0,40.0,40.0
B07DC82DN4,LIGHT_FIXTURE,140.0,40.0,140.0
B075LC5PH2,LIGHT_FIXTURE,3.0,6.0,12.0
B01MZIQ9S6,LIGHT_FIXTURE,180.0,50.0,50.0
B07RLVTQFX,LIGHT_FIXTURE,25.0,6.5,25.0
B07DQQH1MF,LIGHT_FIXTURE,10.8,10.8,60.0
B07FG79458,LIGHT_FIXTURE,32.2,5.2,40.4
B09C4NT6SN,LIGHT_FIXTURE,8.0,23.0,23.0
B08NJBGVF6,LIGHT_FIXTURE,3.0,10.8,10.8
B079P4NG9L,LIGHT_FIXTURE,15.2,2.8,17.8
B08K2GCMVR,LIGHT_FIXTURE,12.0,23.0,23.0
B07DJ2TXNW,LIGHT_FIXTURE,4.8,24.0,24.0
B08YKG7D7C,LIGHT_FIXTURE,179.5,90.0,90.0
B08XM1J4Z9,LIGHT_FIXTURE,2.5,6.0,7.5
B097SHKS4L,LIGHT_FIXTURE,11.0,10.0,33.0
B07PGY3LND,LIGHT_FIXTURE,11.3,3.5,11.2
B07TCKPQPB,LIGHT_FIXTURE,22.0,20.0,20.0
B07C2YT5XC,LIGHT_FIXTURE,36.0,15.0,15.0
B08BL5LB3W,LIGHT_FIXTURE,18.5,15.5,60.0
B09B35SHF6,LIGHT_FIXTURE,2.0,3.2,3.2
B0999L5KS7,LIGHT_FIXTURE,150.0,148.0,148.0
B08KGJY9X7,LIGHT_FIXTURE,22.7,22.7,100.0
B08GG23CM5,LIGHT_FIXTURE,20.0,70.0,93.0
B093Q13MTG,LIGHT_FIXTURE,1.5,6.5,6.5
B081TG2X88,LIGHT_FIXTURE,6.0,25.0,42.0
B078KW638N,LIGHT_FIXTURE,24.0,3.0,29.1
B07T63VTY7,LIGHT_FIXTURE,18.0,22.0,22.0
B08T9M6JDB,LIGHT_FIXTURE,5.0,5.0,30.0
B075L9V4XZ,LIGHT_FIXTURE,3.0,6.0,12.0
B07XB8FH1T,LIGHT_FIXTURE,16.0,3.0,21.0
B08PTQM6LN,LIGHT_FIXTURE,10.0,16.0,21.0
B08PVSTBD3,LIGHT_FIXTURE,10.0,10.0,35.0
B08QFTH5T2,LIGHT_FIXTURE,6.5,60.0,110.0
B07TWVV945,LIGHT_FIXTURE,35.6,7.0,30.6
B07G475D65,LIGHT_FIXTURE,19.0,30.0,30.0
B07YXXZ8R8,LIGHT_FIXTURE,5.4,5.4,52.6
B08XWGKNHY,LIGHT_FIXTURE,21.5,58.0,58.0
B08KGDVSYT,LIGHT_FIXTURE,15.2,2.8,12.5
B0912TSHH7,LIGHT_FIXTURE,118.5,7.5,7.5
B01LZQ8DI9,LIGHT_FIXTURE,12.5,12.5,26.0
B087BXHZXS,LIGHT_FIXTURE,13.2,31.5,31.5
B08DCXSYRH,LIGHT_FIXTURE,150.0,90.0,90.0
B083ZGTLR7,LIGHT_FIXTURE,15.0,30.0,91.0
B00IF7SCG4,LIGHT_FIXTURE,21.0,16.0,16.0
B09JC35SGK,LIGHT_FIXTURE,4.0,30.0,30.0
B08GR57KD1,LIGHT_FIXTURE,2.9,9.0,9.0
B08XXNT5RH,LIGHT_FIXTURE,24.2,30.5,30.5
B01MXMOXKM,LIGHT_FIXTURE,30.0,30.0,120.0
B08FBVDBCD,LIGHT_FIXTURE,34.0,41.0,41.0
B08YKC548B,LIGHT_FIXTURE,150.0,40.0,150.0
B07QCBRPQF,LIGHT_FIXTURE,18.0,8.0,8.0
B07WK9FWX1,LIGHT_FIXTURE,16.8,6.3,10.8
B0819VHK7D,LIGHT_FIXTURE,15.0,9.3,9.3
B075QZ1QQB,LIGHT_FIXTURE,23.2,5.6,28.3
B091LCPP3R,LIGHT_FIXTURE,3.8,8.5,8.5
B07R3J57B8,LIGHT_FIXTURE,110.0,22.0,22.0
B08WWWXJVY,LIGHT_FIXTURE,21.0,74.0,74.0
B08544Y7G1,LIGHT_FIXTURE,150.0,19.0,100.0
B009XBRHS0,LIGHT_FIXTURE,13.0,38.0,38.0
B01N2I8HXV,LIGHT_FIXTURE,30.0,0.95,120.0
B08CBZR1W2,LIGHT_FIXTURE,120.0,55.0,55.0
B078Y9HP1R,LIGHT_FIXTURE,8.0,6.0,52.0
B085T2JSCM,LIGHT_FIXTURE,32.1,19.3,21.7
B07J9ZT52Y,LIGHT_FIXTURE,30.0,0.95,120.0
B082S28T89,LIGHT_FIXTURE,57.0,20.0,20.0
B09JSVHNSL,LIGHT_FIXTURE,120.0,80.0,80.0
B07XRC9F56,LIGHT_FIXTURE,9.3,93.0,156.0
B07PN1ZF1Q,LIGHT_FIXTURE,3.0,1.2,50.0
B08531849M,LIGHT_FIXTURE,50.0,5.0,50.0
B07PJZDDYL,LIGHT_FIXTURE,128.5,25.5,25.5
B07MWC7FSW,LIGHT_FIXTURE,39.0,25.0,25.0
B07WRLRD8V,LIGHT_FIXTURE,24.0,30.0,30.0
B07PFWQKRX,LIGHT_FIXTURE,19.0,30.0,30.0
B01JS7S4TE,STORAGE_BOX,33.0,33.0,38.0
B08DCPSKGP,STORAGE_BOX,33.0,32.0,56.0
B071DZJQWY,STORAGE_BOX,10.0,15.5,19.0
B07JB9HLF7,STORAGE_BOX,25.0,40.0,60.0
B08TCB2LTT,STORAGE_BOX,18.0,25.0,34.0
B08C73SRJK,STORAGE_BOX,60.0,48.0,119.0
B09FB1TWY1,STORAGE_BOX,48.0,40.0,60.0
B07DK5QCMR,STORAGE_BOX,40.0,40.0,100.0
B07RTW6FZJ,STORAGE_BOX,33.0,32.0,56.0
B08GKS38GW,STORAGE_BOX,25.0,25.0,38.0
B08WPFYMRM,STORAGE_BOX,14.4,20.3,30.0
B08TCC27J2,STORAGE_BOX,29.0,31.0,44.0
B08TCDK9Q1,STORAGE_BOX,25.0,27.0,39.0
B084HKNS3Y,STORAGE_BOX,24.5,24.5,24.5
B00N3MZFV6,STORAGE_BOX,38.5,26.0,36.0
B08PVRJ63P,STORAGE_BOX,43.5,39.5,57.0
B09BBF9551,STORAGE_BOX,32.0,30.0,40.0
B0814MQ7GD,STORAGE_BOX,18.0,43.0,100.0
B09BBDHKTW,STORAGE_BOX,14.5,30.0,40.0
B06W2L9STS,STORAGE_BOX,18.0,25.0,25.0
B003NE5LAE,STORAGE_BOX,18.0,25.0,50.0
B09BBF7S6R,STORAGE_BOX,21.0,30.0,40.0
B09BBDQNSH,STORAGE_BOX,21.0,40.0,60.0
B08MQKBQMJ,STORAGE_BOX,30.0,30.0,45.0
B00N3MZ9LC,STORAGE_BOX,7.9,11.4,20.0
B08Q3GHNXW,STORAGE_BOX,18.0,38.0,74.5
B08F1T4R4S,STORAGE_BOX,15.0,43.0,85.0
B08G4JJRLB,STORAGE_BOX,13.0,23.0,33.5
B07MM6NRQL,STORAGE_BOX,10.8,27.9,35.6
B086X3RFS8,STORAGE_BOX,20.0,30.0,40.0
B09BBC9P91,STORAGE_BOX,27.0,40.0,60.0
B07XGZV2NB,STORAGE_BOX,50.0,40.0,40.0
B082XKBZ9S,STORAGE_BOX,12.6,14.5,33.5
B07PVF8N5K,STORAGE_BOX,63.0,62.0,120.0
B07YJLKPVP,STORAGE_BOX,2.6,10.5,17.0
B08NVGTV69,STORAGE_BOX,27.3,31.0,38.0
B07J4DQ2TW,STORAGE_BOX,30.0,30.0,45.0
B07PCMSLLF,STORAGE_BOX,35.0,43.0,60.0
B01EBQVP16,STORAGE_BOX,8.0,5.0,5.0
B00KL7VM22,STORAGE_BOX,38.7,52.4,77.5
B0957CM81S,STORAGE_BOX,16.0,40.0,100.0
B087JYPSL1,STORAGE_BOX,35.0,15.5,50.0
B08X4L9XPT,STORAGE_BOX,23.0,30.0,40.0
B087C1LHBD,STORAGE_BOX,20.0,10.0,29.0
B08FBFTW29,STORAGE_BOX,35.0,40.0,58.0
B08XTTK5PD,STORAGE_BOX,34.0,38.0,40.0
B07ZFG4YP8,STORAGE_BOX,50.0,40.0,40.0
B07QKPQCFW,STORAGE_BOX,50.0,40.0,40.0
B087WQMR91,STORAGE_BOX,25.0,25.0,38.0
B08PP625JW,STORAGE_BOX,28.0,26.0,26.0
B07P3HRNZY,STORAGE_BOX,33.0,33.0,38.0
B07VPYDQYQ,STORAGE_BOX,2.9,8.4,11.3
B092DTSWSW,STORAGE_BOX,21.1,18.0,26.2
B078JG3422,STORAGE_BOX,48.0,35.0,76.0
B08QZKBPDL,STORAGE_BOX,29.0,30.0,44.0
B09G2XBC14,STORAGE_BOX,35.0,43.0,60.0
B002BDTETW,STORAGE_BOX,12.4,21.0,34.6
B08F7CMMD9,STORAGE_BOX,23.0,28.0,40.0
B07PZS2PML,STORAGE_BOX,23.0,26.0,38.0
B07F2KG5WW,STORAGE_BOX,17.8,47.6,86.0
B08R58VQCD,STORAGE_BOX,20.0,30.0,40.0
B07Y13NG4K,STORAGE_BOX,13.65,18.1,18.73
B07KBY3VLD,STORAGE_BOX,30.0,30.0,30.0
B0855H262J,STORAGE_BOX,25.0,23.0,38.0
B079WWW94Y,STORAGE_BOX,30.0,25.0,40.0
B0719HR3R5,STORAGE_BOX,28.0,28.0,44.0
B09J4H8MDN,STORAGE_BOX,2.0,4.4,6.4
B00DM4T0MK,STORAGE_BOX,17.5,25.0,35.0
B08YCYMZF6,STORAGE_BOX,25.0,25.0,38.0
B08YDMNF62,STORAGE_BOX,30.0,30.0,45.0
B01MRC76VL,STORAGE_BOX,29.5,16.5,24.5
B0899RLFR1,STORAGE_BOX,40.65,33.0,62.2
B09DKF89K9,STORAGE_BOX,7.9,26.5,26.5
B01MCSSKG4,STORAGE_BOX,13.0,13.0,23.0
B08YDHM29J,STORAGE_BOX,30.0,30.0,45.0
B078WT5YLZ,STORAGE_BOX,42.0,35.0,70.0
B08YYT91XW,STORAGE_BOX,6.5,12.0,16.0
B07X2ZC2Q1,STORAGE_BOX,33.0,33.0,33.0
B07PTZGGXF,STORAGE_BOX,50.0,35.0,38.0
B08FF82JDX,STORAGE_BOX,31.4,31.4,39.3
B085DJ56KF,STORAGE_BOX,38.0,38.0,76.0
B07GDTKHJ8,STORAGE_BOX,26.5,26.5,26.5
B087Q6HJ65,TOTE_BAG,30.0,22.0,42.0
B07LBJ2R6N,TOTE_BAG,15.0,11.0,20.0
B09HCFGKLG,TOTE_BAG,42.0,8.0,35.0
B07RXD39ZP,TOTE_BAG,33.0,25.5,51.0
B07L8BLXHK,TOTE_BAG,35.0,13.0,38.5
B07JMDZBPF,TOTE_BAG,33.0,15.0,42.0
B088F1T5K7,TOTE_BAG,35.0,13.0,38.5
B07HFC5BNG,TOTE_BAG,37.0,16.0,33.0
B08PTZ8MJF,TOTE_BAG,32.0,23.0,40.0
B071ZNFVMD,TOTE_BAG,33.0,23.0,41.0
B08B8FL7BZ,TOTE_BAG,40.0,13.0,45.0
B07K5LC8PL,TOTE_BAG,37.0,16.0,33.0
B08BWT9SG9,TOTE_BAG,35.0,15.0,38.0
B08PTYV7R7,TOTE_BAG,32.0,23.0,40.0
B07H57BWCV,TOTE_BAG,34.0,18.0,36.0
B09337QHL3,TOTE_BAG,33.0,22.0,40.0
B07HFBZWBQ,TOTE_BAG,37.0,16.0,33.0
B09339FCFC,TOTE_BAG,33.0,22.0,40.0
B00ESX4TBG,TOWEL_HOLDER,86.5,20.0,43.5
B07YSHGPRZ,TOWEL_HOLDER,5.0,14.5,76.1
B09BVPYSTX,TOWEL_HOLDER,32.0,12.5,50.0
B08Q9PQK5H,TOWEL_HOLDER,25.4,14.0,16.5
B083TS1Z7V,TOWEL_HOLDER,7.0,5.7,22.5
B07S1CZZBC,TOWEL_HOLDER,77.5,21.5,54.5
B07VH3PGSH,TOWEL_HOLDER,18.6,23.0,60.0
B089W5G1F3,TOWEL_HOLDER,5.0,7.2,30.5
B08QBJNWLW,TOWEL_HOLDER,25.4,14.0,16.5
B08T272R7W,TOWEL_HOLDER,5.0,8.0,81.2
B07X5DH7WD,TOWEL_HOLDER,78.7,11.4,17.5
B07Z49NJ3F,TOWEL_HOLDER,8.1,8.1,91.0
B08Q3ZZGK1,TOWEL_HOLDER,9.0,10.0,35.0
B08T1JQQXJ,TOWEL_HOLDER,5.0,8.0,45.2
B088LL6HB3,TOWEL_HOLDER,9.0,10.0,35.0
B07W9JZW8P,TOWEL_HOLDER,9.0,5.4,22.8
B08P7DLPSG,TOWEL_HOLDER,12.0,5.5,63.5
B089W3Q5KV,TOWEL_HOLDER,5.0,6.3,40.0
B07YRHS9TG,TOWEL_HOLDER,8.1,8.1,45.0
B089W5B1RS,TOWEL_HOLDER,5.0,14.5,40.0
B08XVZJ9S6,TOWEL_HOLDER,16.0,10.5,40.0
B08T1ZXKQX,TOWEL_HOLDER,5.0,8.0,91.4
B09J8TSGBN,TOWEL_HOLDER,6.3,6.3,23.5
B07TVBBWKZ,TOWEL_HOLDER,3.0,8.0,38.0
B08CXX8NKR,TOWEL_HOLDER,5.0,7.0,43.0
B07KYY14F3,TOWEL_HOLDER,78.7,11.4,17.5
B096LP5LSN,TOWEL_HOLDER,24.0,14.5,40.0
B07CWMLKXV,TOWEL_HOLDER,13.0,25.0,63.0
B0769WBZ73,TOWEL_HOLDER,14.0,22.0,48.0
B07F9LK31P,TOWEL_HOLDER,13.6,5.0,99.4
B0817LN9QB,TOWEL_HOLDER,24.5,3.0,35.0
B07D3SJ7TN,TOWEL_HOLDER,13.0,20.0,60.0
B017K27OCM,TOWEL_HOLDER,7.2,6.0,23.0
B082MM2T4M,TOWEL_HOLDER,9.5,25.5,58.0
B01M16SQXD,TOWEL_HOLDER,82.5,24.0,54.0
B075T7YPV9,TOWEL_HOLDER,84.0,26.0,48.0
B085TBV2Y7,TOY_FIGURE,30.0,11.0,13.0
B0925T98GG,TOY_FIGURE,43.0,9.0,18.0
B094J26M96,TOY_FIGURE,10.0,15.0,15.0
B09F3G64TM,TOY_FIGURE,7.0,6.0,14.0
B096S3KN4H,TOY_FIGURE,15.0,13.0,18.0
B09JC2D5XF,TOY_FIGURE,10.0,8.0,24.0
B09JW8G98X,TOY_FIGURE,10.5,18.5,24.5
B07P97R178,TOY_FIGURE,13.0,8.0,9.5
B097DZTSG1,TOY_FIGURE,11.0,23.0,30.5
B08X4FTZ4S,TOY_FIGURE,10.0,20.0,20.0
B092ZYD9FT,TOY_FIGURE,40.0,10.0,18.0
B07DYPC3PX,TOY_FIGURE,18.0,8.0,8.0
B096YFZFTC,TOY_FIGURE,42.0,29.0,36.0
B08SBQ9JN2,TOY_FIGURE,36.0,10.0,18.0
B08SR68V7C,TOY_FIGURE,36.0,10.0,18.0
B09G3BQKQS,TOY_FIGURE,14.5,13.5,30.0
B098X4J8X3,TOY_FIGURE,10.0,20.0,20.0
B09G3BPPZP,TOY_FIGURE,20.0,17.0,40.0
B08SQ9YCX8,TOY_FIGURE,36.0,10.0,18.0
B08P9SF7P1,TOY_FIGURE,33.0,12.0,35.0
B09FQ6HK42,TOY_FIGURE,35.0,18.0,24.0
B096YFV9CN,TOY_FIGURE,33.0,11.0,18.0
B09K7SC827,TOY_FIGURE,40.0,10.0,18.0
B09KCB3QM1,TOY_FIGURE,36.0,10.0,18.0
B08L4TXTBF,TOY_FIGURE,24.0,14.5,16.0
B00QUB7FH4,TRASH_CAN,88.5,32.0,47.0
B07YNZG6CY,TRASH_CAN,26.0,14.0,26.0
B089RBPCZX,TRASH_CAN,42.0,14.0,24.0
B096S9ZNX6,TRASH_CAN,24.5,19.5,19.5
B08KWMT8MR,TRASH_CAN,28.0,14.0,25.4
B07PFKT31T,TRASH_CAN,28.0,20.3,20.3
B07QGH91VJ,TRASH_CAN,28.0,14.0,25.4
B08322145C,TRASH_CAN,60.2,29.8,40.1
B07YNZFCXX,TRASH_CAN,26.0,14.0,26.0
B00083HP70,TRASH_CAN,69.0,37.5,37.5
B093MNP292,TRASH_CAN,28.0,20.3,20.3
B084GVGVHB,TRASH_CAN,34.0,23.5,40.0
B07RZ11NZR,TRASH_CAN,24.8,20.0,20.0
B01DM22PV4,TRASH_CAN,25.0,17.0,22.5
B01MYU38AF,TRASH_CAN,25.4,12.7,27.3
B083LRLGF9,TRASH_CAN,20.0,20.0,24.0
B079B5CQMW,TRASH_CAN,29.8,14.0,28.6
B01MTCPU0Q,TRASH_CAN,25.4,12.7,27.3
B08JVDN97B,TRASH_CAN,30.48,20.32,20.32
B08ZMPLJJG,TRASH_CAN,24.5,19.5,19.5
B08R1FYPL5,TRASH_CAN,24.5,19.5,19.5
B08FR97TCZ,TRASH_CAN,30.48,20.32,20.32
B07116WPN1,TRASH_CAN,92.0,40.0,40.0
B092W5RVTG,TRASH_CAN,28.0,20.3,20.3
B00T2QYMV6,TRASH_CAN,44.0,30.0,41.0
B08CXY79GK,TRASH_CAN,54.0,31.0,57.0
B089YSHXD6,TRASH_CAN,64.0,31.0,31.0
B07DX84L54,TRASH_CAN,34.0,17.0,26.0
B07NQ395R6,TRASH_CAN,66.5,31.2,54.5
B01FARI2LQ,TRASH_CAN,25.0,17.0,22.5
B081GVXF84,TRASH_CAN,30.7,19.7,21.0
B07VZYCTRJ,TRASH_CAN,25.4,12.7,27.3
B07QD81957,TRASH_CAN,28.0,14.0,25.4
B07ZJWZBCQ,TRASH_CAN,30.5,16.5,28.0
B07RWL3L76,TRASH_CAN,24.8,20.0,20.0
B07QP1QYXC,TRASH_CAN,28.0,20.3,20.3
B01M1DVEAS,TRASH_CAN,23.1,14.5,14.5
B01DM22PV4,TRASH_CAN,25.0,17.0,22.5
B07Q58G2WV,TRASH_CAN,24.8,20.0,20.0
B07Q47RSLN,TRASH_CAN,24.8,20.0,20.0
B06Y47MBK9,TRASH_CAN,20.0,6.5,6.5
B00UST5S46,TRASH_CAN,58.5,42.0,49.0
B005G71YE8,TRASH_CAN,40.5,32.0,39.0
B08L3LJQP5,TRASH_CAN,30.0,25.0,25.0
B07FM7K366,TRASH_CAN,67.0,29.0,44.0
B099NW25GY,TRASH_CAN,25.5,16.7,16.7
B08L1CGQQC,TRASH_CAN,64.0,38.0,58.0
B01GCJI4T6,TRASH_CAN,70.8,27.3,32.4
B06ZY9DBJ4,TRASH_CAN,78.0,29.5,40.5
B083L94FC8,TRASH_CAN,83.0,32.0,58.5
B082DR2YCG,TRASH_CAN,29.8,14.0,28.6
B07Q39BNWQ,TRASH_CAN,27.0,18.0,18.0
B0953FGWLS,TRASH_CAN,29.0,15.0,25.5
B01MRZOABW,TRASH_CAN,40.5,32.0,39.0
B00KY3S5AU,TRASH_CAN,33.0,18.1,24.8
B0856SXB53,TRASH_CAN,72.0,30.0,39.9
B085F3QR7J,TRASH_CAN,98.0,56.0,75.0
B013DA46VC,TRASH_CAN,65.0,29.5,46.5
B09DDCDTPC,TRASH_CAN,30.0,21.4,21.4
B08WB5SLR1,TRASH_CAN,66.0,33.0,33.0
B004LLHEEE,TRASH_CAN,34.0,17.0,33.0
B07K83VF39,TRASH_CAN,85.5,23.8,35.0
B08SGD6SNG,TRASH_CAN,37.5,16.5,34.3
B07V2RDFH3,TRASH_CAN,61.5,25.0,34.0
B00KY41IGW,TRASH_CAN,60.2,29.8,40.1
B0731N7W5L,TRASH_CAN,30.5,16.5,28.0
B015YKLY0K,TRASH_CAN,23.1,19.7,19.7
B09FLXYYG6,TRASH_CAN,45.0,23.5,30.0
B01ER56BHY,TRASH_CAN,47.6,25.2,33.3
B0158K54TI,TRASH_CAN,40.0,28.0,48.0
B08HLLBZN4,TRASH_CAN,42.93,32.51,39.88
B083LP85XR,TRASH_CAN,82.0,30.0,60.4
B08PPKJF8K,TRASH_CAN,63.0,28.0,31.5
B07VYW292M,TRASH_CAN,25.4,12.7,27.3
B095T1DNV2,TRASH_CAN,25.4,12.7,27.3
B08B36PSBG,TRASH_CAN,63.0,23.8,35.0
B07Z8KFWDG,TRASH_CAN,76.2,37.0,37.0
B08B3RK2MK,TRASH_CAN,46.7,30.2,59.3
B07L3FLBR4,TRASH_CAN,44.0,31.0,37.5
B08P6R6X2M,TRASH_CAN,3260.0,28.5,30.0
B08RB52D9Z,TRASH_CAN,27.0,23.5,23.5
B08P6VFDZ1,TRASH_CAN,26.0,22.7,24.0
B08DD1P22D,TRASH_CAN,16.9,13.8,13.8
B077GTR27L,TRASH_CAN,50.8,19.3,25.6
B08TJ5SXH2,TRASH_CAN,27.0,23.5,23.5
B077GVTFXN,TRASH_CAN,50.8,19.3,25.6
B07MNL91VP,TRASH_CAN,24.2,19.0,19.0
B0773R2KLV,TRASH_CAN,24.2,19.0,19.0
B07QJJ41WB,TRASH_CAN,43.5,30.5,37.5
B07FMD1TTY,TRASH_CAN,67.0,29.0,44.0
B08R9THPG3,TRASH_CAN,10.16,6.35,15.5
B084RNLBNB,TRASH_CAN,33.0,24.0,28.0
B081YPM6RJ,TRASH_CAN,17.0,11.0,17.0
B08LTPCLRN,TRASH_CAN,20.0,19.0,19.0
B084RGNBPL,TRASH_CAN,26.0,16.5,22.0
B08G4M36SD,TRASH_CAN,22.5,17.0,17.0
B08GLVBVVB,TRASH_CAN,22.5,15.0,15.0
B07QP3CCS5,TRAY,19.0,15.7,28.7
B07X31FPD7,TRAY,22.0,25.0,25.0
B07PGXB1DC,TRAY,33.0,9.1,44.5
B07JJZMFZZ,TRAY,15.2,20.6,37.1
B07TMR3DJF,TRAY,19.0,15.7,28.7
B07X319N5W,TRAY,13.0,20.0,20.0
B07PBRN7MK,TRAY,2.8,15.0,24.5
B074JCG5MS,TRAY,19.0,15.7,28.7
B09CTLQ57W,TRAY,24.0,16.0,16.0
B0755F1KN4,TRAY,15.2,21.0,22.8
B085F3DNLV,TRAY,1.5,28.0,35.0
B07WR14PJ5,TRAY,18.0,12.0,16.0
B07WNLH5VQ,TRAY,15.0,12.0,24.0
B07CZP3NYC,TRAY,2.7,14.3,24.4
B07XDXBW3N,TRAY,15.0,12.0,24.0
B07Q5CFCPP,TRAY,19.0,15.7,28.7
B077XRPTVK,TRAY,24.0,29.0,29.0
B081245FYK,TRAY,1.2,30.0,40.0
B08HJMS8ZQ,TRAY,4.5,14.5,70.0
B081PM5LQB,TRAY,27.1,24.8,33.2
B07CZNZ6TF,TRAY,19.0,15.7,28.7
B083NSPM89,TRAY,27.0,31.0,34.3
B087PZ7RHF,TRAY,15.0,12.0,24.0
B07J5LQSG1,TRAY,1.2,30.0,40.0
B07RYZPWFC,TRAY,25.4,12.7,27.0
B07559P21F,TRAY,22.4,30.5,33.2
B07PBVG1VJ,TRAY,3.0,20.0,29.0
B08YNQM3MG,TRAY,3.0,20.0,29.0
B08TMFMB77,TRAY,2.5,12.0,22.0
B07RYWRL6B,TRAY,0.1,6.0,26.0
B07BZQMJRH,TRAY,5.0,20.0,24.0
B07WSMNJ7R,TRAY,15.0,12.0,24.0
B0036OQWT0,TRAY,19.0,30.48,30.48
B07JHBP66L,TRAY,2.5,10.3,28.5
B08R3JRX9Q,TRAY,2.8,15.0,25.0
B08GS9FXXY,TRAY,31.0,26.0,33.0
B07WC4TYZ1,TRAY,10.2,17.1,31.8
B07PV7KXY5,TRAY,5.0,18.7,30.0
B0881DF56S,TRAY,32.0,32.6,33.3
B07RWKG82S,TRAY,0.1,24.0,24.0
B08KHHGYRC,TRAY,0.1,20.0,20.0
B07BQL6NX5,TRAY,27.0,29.5,35.5
B07BYB34Q2,TRAY,36.0,33.0,33.0
B07BQL6NX5,TRAY,4.0,26.0,34.0
B07BYB34Q2,TRAY,36.0,33.0,33.0
B086XG5GWN,VASE,8.0,9.0,9.0
B086XH2CBN,VASE,20.0,15.0,15.0
B08SBHZS2V,VASE,23.0,8.5,8.5
B086XH9N3Y,VASE,6.0,6.0,6.0
B09BL4PLDS,VASE,25.0,10.3,10.3
B09FM1JT3H,VASE,21.0,8.5,8.5
B092GYSZWX,VASE,22.0,12.5,12.5
B09JC7BB3C,VASE,60.0,25.0,25.0
B085HN7V6F,VASE,1700.0,11.0,11.0
B07QKKB98N,VASE,18.0,9.0,9.0
B093GNWGKK,VASE,23.5,7.8,7.8
B084ZSJN3G,VASE,10.0,8.5,8.5
B091Y2SHYX,VASE,22.0,10.0,10.0
B09332M5WQ,VASE,22.0,10.0,10.0
B07P7ND3H8,VASE,13.5,11.5,11.5
B08YYPV7H6,VASE,17.5,4.6,4.6
B091XYS95H,VASE,22.0,10.0,10.0
B094DJ5L8W,VASE,17.5,4.6,4.6
B08YYDCMB9,VASE,17.5,4.6,4.6
B08HCTX88N,VASE,14.5,12.0,12.0
B092H1PZXL,VASE,22.0,12.5,12.5
B086XG43WN,VASE,17.0,11.0,11.0
B08MFPBG21,VASE,22.5,5.8,5.8
B08DTLD2HR,VASE,56.0,17.0,17.0
B08ZN396VX,VASE,22.0,10.0,10.0
B08N195LB3,VASE,15.0,9.0,9.0
B00FJYLSX0,VASE,32.5,36.0,36.0
B08R1BDBSJ,VASE,13.0,14.0,14.0
B085XZHT7P,VASE,10.4,8.0,8.0
B09JC7JF9R,VASE,60.0,25.0,25.0
B091SLYJQ7,VASE,13.0,12.0,12.0
B091PKHR7L,VASE,20.0,20.0,20.0
B0863DCDLM,VASE,22.0,10.0,10.0
B084ZRVSQQ,VASE,23.2,11.5,11.5
B01FFKTGEA,VASE,11.0,7.0,19.0
B09H5LH856,VASE,20.0,20.0,20.0
B08N1925J3,VASE,15.0,9.0,9.0
B01FFGO0XQ,VASE,11.0,7.0,31.0
B09H7H235B,VASE,15.0,15.0,15.0
B095CPPT55,VASE,20.0,8.5,8.5
B094XG3YJ8,VASE,19.0,18.0,18.0
B0081UETA8,VASE,4.6,12.0,12.0
B088HW6442,VASE,30.0,12.5,12.5
B01N6HP1MT,VASE,11.0,12.0,13.0
B095CPZN7P,VASE,20.0,8.5,8.5
B008NUQEQ8,VASE,50.0,10.0,10.0
B01FFVN1BI,VASE,11.0,7.0,31.0
B009ANZ2YC,VASE,35.0,10.0,10.0
B088HW6BVR,VASE,40.0,17.0,17.0
B088HX6XGV,VASE,40.0,17.0,17.0
B088HWZLDY,VASE,40.0,17.0,17.0
B008NUQE86,VASE,40.0,10.0,10.0
B088HWK5VD,VASE,30.0,12.5,12.5
B097ZZ64GP,VASE,18.3,9.5,9.5
B08CDMX8NK,VASE,26.5,11.5,11.5
B008TZVCX2,VASE,45.0,10.0,10.0
B00O7GP8G4,VASE,10.0,10.0,10.0
B01FFV5YSG,VASE,11.0,7.0,19.0
B01EAOCOAA,VASE,65.0,17.0,17.0
B008NUQS50,VASE,15.0,17.5,17.5
B0153ZWOWS,VASE,24.0,28.0,28.0
B08N18HF6D,VASE,15.0,9.0,9.0
B088HWN8XX,VASE,30.0,12.5,12.5
B08W8QCPVM,VASE,18.5,11.0,11.0
